Chr1	1131	533473	hap1	1
Chr1	1131	749813	hap2	1
Chr1	533609	840310	hap1	0
Chr1	764907	1121663	hap2	0
Chr1	840331	1366162	hap1	1
Chr1	1366879	1403644	hap1	5
Chr1	1121709	1995707	hap2	1
Chr1	1403986	2003501	hap1	0
Chr1	2003634	3362471	hap1	1
Chr1	3363888	3391568	hap1	5
Chr1	1995712	3671580	hap2	0
Chr1	3672094	3960055	hap2	1
Chr1	3391710	4253686	hap1	1
Chr1	3960382	4253904	hap2	0
Chr1	4254043	4337988	hap2	1
Chr1	4338376	4420762	hap2	5
Chr1	4420828	5270165	hap2	1
Chr1	4253843	5761359	hap1	0
Chr1	5761427	5761578	hap1	1
Chr1	5761589	5816576	hap1	0
Chr1	5816584	6734142	hap1	1
Chr1	5270396	6737971	hap2	0
Chr1	6764393	7282510	hap2	1
Chr1	6735373	7282809	hap1	0
Chr1	7283086	8224326	hap1	1
Chr1	8225270	8398197	hap1	5
Chr1	7282751	8535959	hap2	0
Chr1	8535979	8541779	hap2	5
Chr1	8398539	8816851	hap1	1
Chr1	8541815	10064204	hap2	1
Chr1	8827878	10065765	hap1	0
Chr1	10066089	10501295	hap1	1
Chr1	10064226	10501878	hap2	0
Chr1	10501352	12264955	hap1	0
Chr1	12265618	12271638	hap1	3
Chr1	10502271	12766966	hap2	1
Chr1	12767148	12988146	hap2	0
Chr1	13093227	13404622	hap2	1
Chr1	12271838	14770541	hap1	1
Chr1	13406215	14771836	hap2	0
Chr1	14771172	15469235	hap1	0
Chr1	14771844	15826542	hap2	1
Chr1	15469262	16493591	hap1	1
Chr1	16493879	17114085	hap1	3
Chr1	17115486	20869932	hap1	1
Chr1	15828205	20871866	hap2	0
Chr1	20871873	21270452	hap2	1
Chr1	21270538	21287831	hap2	5
Chr1	20870244	21904632	hap1	0
Chr1	21287865	22563265	hap2	1
Chr1	22563364	22612595	hap2	5
Chr1	21904808	23013694	hap1	1
Chr1	23022743	23066107	hap1	5
Chr1	23070717	23303842	hap1	1
Chr1	23307214	23552990	hap1	5
Chr1	22612663	23901975	hap2	1
Chr1	23553022	24463428	hap1	1
Chr1	23908600	24465905	hap2	0
Chr1	24465927	24799294	hap2	1
Chr1	24799355	24833046	hap2	5
Chr1	24463546	24872610	hap1	0
Chr1	24872850	25099665	hap1	1
Chr1	25113016	25196338	hap1	5
Chr1	25211675	25340608	hap1	1
Chr1	24833069	25346393	hap2	0
Chr1	25344857	25731403	hap1	0
Chr1	25347073	25910803	hap2	1
Chr1	25911097	25959261	hap2	0
Chr1	25739693	26478975	hap1	1
Chr1	25959370	26558740	hap2	1
Chr1	26558869	26659223	hap2	5
Chr1	26479217	26819528	hap1	0
Chr1	26820117	26848662	hap1	1
Chr1	26861528	27037084	hap1	5
Chr1	27037508	27895894	hap1	0
Chr1	27896082	28069856	hap1	5
Chr1	28069935	28486690	hap1	0
Chr1	28486698	28553883	hap1	5
Chr1	28553892	28887490	hap1	1
Chr1	28887913	29099492	hap1	0
Chr1	26679356	29115917	hap2	1
Chr1	29116034	29249603	hap2	5
Chr1	29099501	29410114	hap1	1
Chr1	29410190	29512865	hap1	5
Chr1	29249692	29621544	hap2	3
Chr1	29513007	30174405	hap1	1
Chr1	30174436	30277081	hap1	0
Chr1	29622200	30448610	hap2	1
Chr1	30448669	30815054	hap2	0
Chr1	30277494	30958608	hap1	1
Chr1	30815521	31152062	hap2	5
Chr1	30958635	31519129	hap1	5
Chr1	31152231	31766547	hap2	1
Chr1	31766975	31823384	hap2	5
Chr1	31823419	31856483	hap2	1
Chr1	31856850	32329989	hap2	5
Chr1	31519490	32640963	hap1	1
Chr1	32330532	32758820	hap2	1
Chr1	32758938	32898966	hap2	5
Chr1	32912083	33188707	hap2	1
Chr1	32641331	33189188	hap1	0
Chr1	33189004	33267216	hap2	0
Chr1	33189276	33549209	hap1	1
Chr1	33267877	33703275	hap2	1
Chr1	33703534	33896721	hap2	0
Chr1	33897314	34520093	hap2	1
Chr1	33550497	34521349	hap1	0
Chr1	34521532	34941658	hap1	1
Chr1	34941943	34956682	hap1	5
Chr1	34520804	35012039	hap2	0
Chr1	34957476	35555335	hap1	1
Chr1	35555505	36509084	hap1	0
Chr1	36509473	36512267	hap1	5
Chr1	35027419	36671399	hap2	1
Chr1	36522472	36798008	hap1	1
Chr1	36798014	36842093	hap1	5
Chr1	36860712	37858844	hap1	1
Chr1	36671903	37861881	hap2	0
Chr1	37859807	39362803	hap1	0
Chr1	37861950	39362803	hap2	1
Chr1	39362898	39589566	hap2	0
Chr1	39589679	39977038	hap2	1
Chr1	39362898	41587073	hap1	1
Chr1	39980645	41592353	hap2	0
Chr1	41587077	41891905	hap1	0
Chr1	41593373	41892031	hap2	1
Chr1	41892050	42198692	hap2	0
Chr1	42198824	42527480	hap2	1
Chr1	41891948	43269864	hap1	1
Chr1	42532150	43269864	hap2	0
Chr2	450	354653	hap1	5
Chr2	384615	474942	hap1	0
Chr2	450	524923	hap2	1
Chr2	525895	651814	hap2	5
Chr2	652363	788349	hap2	0
Chr2	475910	899122	hap1	1
Chr2	899172	942171	hap1	5
Chr2	942183	1188800	hap1	0
Chr2	788531	2060360	hap2	1
Chr2	2060558	2406171	hap2	5
Chr2	1189072	3386598	hap1	1
Chr2	3431466	3456167	hap1	0
Chr2	3456194	3827098	hap1	1
Chr2	3827246	3865669	hap1	5
Chr2	3865713	4035820	hap1	0
Chr2	4036000	4091329	hap1	5
Chr2	4091520	5140625	hap1	1
Chr2	5141594	5355342	hap1	0
Chr2	2406389	6696804	hap2	1
Chr2	6697009	7858813	hap2	0
Chr2	5356159	8279729	hap1	1
Chr2	8279947	8349139	hap1	0
Chr2	7859688	8426651	hap2	1
Chr2	8349396	8452637	hap1	5
Chr2	8426713	8724081	hap2	0
Chr2	8724321	9907178	hap2	1
Chr2	9907330	10095422	hap2	0
Chr2	8452782	10695865	hap1	1
Chr2	10696252	10995256	hap1	3
Chr2	10995403	11304759	hap1	0
Chr2	11311380	11471378	hap1	5
Chr2	10095427	12599997	hap2	1
Chr2	11473947	12817345	hap1	1
Chr2	12600672	13057336	hap2	5
Chr2	13057989	13297371	hap2	1
Chr2	13300026	13450278	hap2	5
Chr2	12846940	13610867	hap1	0
Chr2	13463353	14023703	hap2	1
Chr2	14023746	15031270	hap2	0
Chr2	13757234	15347348	hap1	1
Chr2	15031480	15407269	hap2	5
Chr2	15407291	15888352	hap2	0
Chr2	15347552	16120556	hap1	0
Chr2	15888403	16522713	hap2	5
Chr2	16120581	16818240	hap1	1
Chr2	16818824	16880544	hap1	0
Chr2	16880570	17242167	hap1	5
Chr2	17242251	17632158	hap1	0
Chr2	16522751	17977376	hap2	1
Chr2	17776179	18567913	hap1	1
Chr2	17977515	18569093	hap2	0
Chr2	18568599	19439450	hap1	0
Chr2	18569445	19586223	hap2	1
Chr2	19586575	19605319	hap2	5
Chr2	19439739	19739914	hap1	1
Chr2	19742156	19758581	hap1	5
Chr2	19605493	20067153	hap2	1
Chr2	20067759	20200581	hap2	3
Chr2	19759206	20323605	hap1	1
Chr2	20200662	20351957	hap2	0
Chr2	20323669	20868206	hap1	0
Chr2	20352108	21060968	hap2	1
Chr2	21061432	21241324	hap2	0
Chr2	20868328	21943522	hap1	1
Chr2	21241346	21945565	hap2	3
Chr2	21944511	23246952	hap1	0
Chr2	23246961	23696927	hap1	3
Chr2	21945664	24028198	hap2	1
Chr2	24028238	24781298	hap2	0
Chr2	23697262	24856523	hap1	1
Chr2	24781884	25266736	hap2	1
Chr2	25266765	25349342	hap2	5
Chr2	24857211	25440408	hap1	0
Chr2	25440460	25885960	hap1	1
Chr2	25886267	25981386	hap1	5
Chr2	25355077	26329649	hap2	1
Chr2	26329741	26349199	hap2	5
Chr2	25981487	27017030	hap1	1
Chr2	27017098	27397235	hap1	0
Chr2	26349262	28311681	hap2	1
Chr2	27397327	28441531	hap1	1
Chr2	28441544	28456545	hap1	5
Chr2	28463935	28713107	hap1	1
Chr2	28312111	28755786	hap2	0
Chr2	28755860	28782447	hap2	5
Chr2	28713148	28789104	hap1	5
Chr2	28789553	28960416	hap1	0
Chr2	28961538	29528444	hap1	1
Chr2	28782800	30348529	hap2	1
Chr2	29532852	30353197	hap1	0
Chr2	30353228	30965691	hap1	1
Chr2	30348787	30966396	hap2	0
Chr2	30967079	33221818	hap2	1
Chr2	30965728	33227053	hap1	0
Chr2	33227113	33474630	hap1	1
Chr2	33221939	34343946	hap2	0
Chr2	34344210	34496802	hap2	1
Chr2	34496855	34859967	hap2	0
Chr2	34860018	35141196	hap2	1
Chr2	33475693	35783114	hap1	0
Chr2	35783924	35894417	hap1	1
Chr2	35922091	35935728	hap1	0
Chr2	35142056	35935728	hap2	0
Chr3	1206	657012	hap2	1
Chr3	657551	912190	hap2	5
Chr3	912470	1250912	hap2	0
Chr3	1250931	1431589	hap2	5
Chr3	1431655	1797825	hap2	1
Chr3	1206	3489843	hap1	1
Chr3	1797863	3500083	hap2	0
Chr3	3500148	3821913	hap2	1
Chr3	3489891	3823250	hap1	0
Chr3	3823469	4271847	hap1	1
Chr3	3822026	4272245	hap2	0
Chr3	4272356	5407338	hap2	1
Chr3	5407544	5450918	hap2	5
Chr3	4271873	6239350	hap1	0
Chr3	6239813	6782948	hap1	1
Chr3	6783181	6819628	hap1	5
Chr3	6819729	7187416	hap1	1
Chr3	7194526	7205824	hap1	0
Chr3	7208995	7358710	hap1	1
Chr3	7358995	7403991	hap1	0
Chr3	5451085	7405119	hap2	1
Chr3	7405165	7442695	hap2	0
Chr3	7442953	7518360	hap2	5
Chr3	7405057	10582745	hap1	1
Chr3	7518836	10627067	hap2	0
Chr3	10583117	12862887	hap1	0
Chr3	12863143	13646019	hap1	3
Chr3	13646295	14056971	hap1	0
Chr3	10627183	14056971	hap2	1
Chr3	14057516	14541044	hap1	1
Chr3	14057516	14547964	hap2	0
Chr3	14541120	15101213	hap1	0
Chr3	14548116	15101711	hap2	1
Chr3	15101705	15484477	hap1	1
Chr3	15101726	15489598	hap2	0
Chr3	15489692	16203845	hap2	1
Chr3	16207040	23467709	hap2	0
Chr3	15485344	25209407	hap1	0
Chr3	23467976	25364451	hap2	1
Chr3	25209476	27127620	hap1	1
Chr3	25364558	27171930	hap2	0
Chr3	27171940	27545017	hap2	1
Chr3	27545042	27627722	hap2	5
Chr3	27127845	28434750	hap1	0
Chr3	28434845	29047121	hap1	1
Chr3	29047522	29373503	hap1	0
Chr3	29373624	29494161	hap1	1
Chr3	29494606	30633789	hap1	0
Chr3	27627803	30772901	hap2	0
Chr3	30634116	30977731	hap1	1
Chr3	30977758	31025698	hap1	5
Chr3	30773398	31068078	hap2	1
Chr3	31026084	31086714	hap1	1
Chr3	31113107	31232208	hap1	5
Chr3	31232248	31398289	hap1	1
Chr3	31398355	31715509	hap1	0
Chr3	31068723	32445872	hap2	0
Chr3	32446720	32623226	hap2	1
Chr3	32623317	32692917	hap2	5
Chr3	31716768	32785197	hap1	1
Chr3	32693192	32888685	hap2	0
Chr3	32785333	33022609	hap1	5
Chr3	32888699	33033924	hap2	1
Chr3	33033988	33399512	hap2	5
Chr3	33023037	33417204	hap1	1
Chr3	33417303	34419972	hap1	0
Chr3	34419996	34442044	hap1	5
Chr3	33399655	35012554	hap2	1
Chr3	34442211	35818876	hap1	1
Chr3	35818961	36017102	hap1	0
Chr3	36032571	36413279	hap1	1
Chr3	35012814	36413279	hap2	0
Chr4	5308	556665	hap1	1
Chr4	556843	593810	hap1	0
Chr4	5308	1816927	hap2	1
Chr4	1816991	2083797	hap2	0
Chr4	594274	2549282	hap1	1
Chr4	2220885	2549282	hap2	1
Chr4	2737788	2752442	hap1	5
Chr4	2737788	2759005	hap2	0
Chr4	2752521	2947995	hap1	1
Chr4	2778407	4462365	hap2	1
Chr4	3012846	4498331	hap1	0
Chr4	4498388	6288889	hap1	1
Chr4	4488406	6296588	hap2	0
Chr4	6289052	6311611	hap1	3
Chr4	6296667	6915131	hap2	1
Chr4	6915286	8498856	hap2	0
Chr4	6311653	8600763	hap1	1
Chr4	8612203	8723874	hap1	3
Chr4	8499277	9958909	hap2	1
Chr4	8723953	10123683	hap1	1
Chr4	10307741	10626405	hap1	5
Chr4	10627209	10770284	hap1	1
Chr4	10776071	10842098	hap1	5
Chr4	10842172	11272155	hap1	1
Chr4	11272448	11426995	hap1	0
Chr4	11427006	11500422	hap1	3
Chr4	9961929	14209774	hap2	0
Chr4	11500524	15416493	hap1	1
Chr4	15489384	15491562	hap1	0
Chr4	14209852	16004403	hap2	1
Chr4	16004524	16371584	hap2	0
Chr4	16371664	16402167	hap2	5
Chr4	15845898	16617879	hap1	1
Chr4	16618170	16893043	hap1	0
Chr4	16894807	16907017	hap1	5
Chr4	16402466	17083673	hap2	1
Chr4	17083767	17096506	hap2	5
Chr4	17096860	17227686	hap2	1
Chr4	16910362	17228686	hap1	0
Chr4	17227730	17268218	hap2	0
Chr4	17228761	19380445	hap1	1
Chr4	19380929	21393241	hap1	0
Chr4	17271683	21400816	hap2	1
Chr4	21393613	21411694	hap1	5
Chr4	21400828	21413663	hap2	5
Chr4	21414169	21914859	hap2	0
Chr4	21411771	22215037	hap1	1
Chr4	21927658	22616073	hap2	1
Chr4	22215769	22666729	hap1	0
Chr4	22616486	22767888	hap2	5
Chr4	22769257	22813534	hap2	1
Chr4	22813576	22831969	hap2	5
Chr4	22832001	22855268	hap2	0
Chr4	22692906	23100503	hap1	1
Chr4	23100855	23404296	hap1	0
Chr4	22855431	23429599	hap2	1
Chr4	23429866	24954996	hap2	0
Chr4	24955090	26245286	hap2	1
Chr4	26245384	26280751	hap2	0
Chr4	26280807	26658305	hap2	5
Chr4	26658309	26874879	hap2	0
Chr4	23406191	27907374	hap1	1
Chr4	27907497	28056083	hap1	5
Chr4	26896984	28201319	hap2	1
Chr4	28056572	28211246	hap1	0
Chr4	28201453	29157071	hap2	0
Chr4	28211410	30020136	hap1	1
Chr4	30020495	30076979	hap1	5
Chr4	30077202	30178214	hap1	0
Chr4	29158943	30301539	hap2	1
Chr4	30302501	30524485	hap2	5
Chr4	30178312	30740872	hap1	5
Chr4	30538132	30829957	hap2	1
Chr4	30740907	30876584	hap1	1
Chr4	30877646	30910966	hap1	0
Chr4	30830464	30975095	hap2	0
Chr4	30975205	31199344	hap2	5
Chr4	30911372	31232981	hap1	5
Chr4	31199526	31586219	hap2	1
Chr4	31586240	32427881	hap2	5
Chr4	32443245	32768197	hap2	1
Chr4	32768312	32892746	hap2	0
Chr4	31233017	32939647	hap1	1
Chr4	32939752	32948488	hap1	5
Chr4	32927103	33167065	hap2	1
Chr4	32948753	33265290	hap1	0
Chr4	33167605	33837078	hap2	0
Chr4	33838665	34190527	hap2	1
Chr4	33293772	35482776	hap1	1
Chr4	35490085	35502207	hap1	5
Chr4	34198866	35502207	hap2	0
Chr5	491	772215	hap1	1
Chr5	772313	806041	hap1	0
Chr5	806378	847639	hap1	1
Chr5	847660	953725	hap1	0
Chr5	491	1029446	hap2	0
Chr5	953740	1126736	hap1	1
Chr5	1127004	1558634	hap1	0
Chr5	1558682	1891844	hap1	1
Chr5	1892152	1935254	hap1	5
Chr5	1040545	2205750	hap2	1
Chr5	2206324	2297499	hap2	0
Chr5	1965564	2760662	hap1	1
Chr5	2297849	3452571	hap2	1
Chr5	2760952	4958274	hap1	0
Chr5	4958300	6229327	hap1	1
Chr5	3453219	6554301	hap2	0
Chr5	6554417	6582066	hap2	5
Chr5	6582435	8007533	hap2	1
Chr5	6230962	8037515	hap1	0
Chr5	8037713	8395344	hap1	1
Chr5	8007573	8397769	hap2	0
Chr5	8395412	8866176	hap1	0
Chr5	8866470	10432808	hap1	1
Chr5	10433746	10465338	hap1	5
Chr5	10465475	12306830	hap1	1
Chr5	12307089	12474266	hap1	0
Chr5	8397793	12688918	hap2	1
Chr5	12557462	12956367	hap1	1
Chr5	12957953	13002048	hap1	0
Chr5	13002227	14241279	hap1	1
Chr5	14241540	14821235	hap1	0
Chr5	14821395	14969866	hap1	1
Chr5	14978543	15086626	hap1	0
Chr5	12689203	15088514	hap2	0
Chr5	15088731	15325792	hap2	1
Chr5	15086987	15522936	hap1	1
Chr5	15532032	15903048	hap1	0
Chr5	15903106	16021469	hap1	1
Chr5	16021545	16432203	hap1	0
Chr5	16442736	16595778	hap1	1
Chr5	15458476	16751023	hap2	0
Chr5	16751152	16801317	hap2	1
Chr5	16595796	18628874	hap1	0
Chr5	18628945	18792497	hap1	1
Chr5	18792863	20475290	hap1	0
Chr5	16801437	20566171	hap2	0
Chr5	20475328	20805984	hap1	1
Chr5	20566248	21213422	hap2	1
Chr5	20806095	21237241	hap1	0
Chr5	21237670	21554492	hap1	1
Chr5	21214057	21652132	hap2	5
Chr5	21554538	21668882	hap1	5
Chr5	21652157	21926832	hap2	1
Chr5	21669576	22050909	hap1	1
Chr5	21926911	22099258	hap2	5
Chr5	22051300	22262292	hap1	5
Chr5	22262301	22678241	hap1	1
Chr5	22678493	22764805	hap1	5
Chr5	22764939	23155447	hap1	0
Chr5	23155567	23162172	hap1	5
Chr5	22109812	23343301	hap2	1
Chr5	23343309	23380789	hap2	5
Chr5	23380854	23584626	hap2	0
Chr5	23584950	23598968	hap2	5
Chr5	23599365	23711562	hap2	1
Chr5	23711931	24066618	hap2	5
Chr5	24066919	25215177	hap2	1
Chr5	23162197	25225787	hap1	1
Chr5	25226699	25367574	hap1	0
Chr5	25215191	25367683	hap2	5
Chr5	25367622	25394044	hap1	5
Chr5	25367827	25938983	hap2	1
Chr5	25939014	26786234	hap2	5
Chr5	25394200	27030235	hap1	1
Chr5	27034087	27046918	hap1	5
Chr5	26786370	27435163	hap2	1
Chr5	27047137	27493237	hap1	1
Chr5	27493994	28210364	hap1	0
Chr5	28213400	28232462	hap1	5
Chr5	28232486	29597713	hap1	0
Chr5	29597945	29920241	hap1	1
Chr5	27435456	29920241	hap2	0
Chr6	25335	25602	hap1	0
Chr6	25607	581551	hap1	1
Chr6	25335	581878	hap2	0
Chr6	581791	1959576	hap1	0
Chr6	1959847	2010949	hap1	5
Chr6	582586	3124807	hap2	1
Chr6	2011626	3555760	hap1	1
Chr6	3126534	3566330	hap2	0
Chr6	3556062	3606680	hap1	0
Chr6	3566361	4118926	hap2	1
Chr6	3631443	4167326	hap1	1
Chr6	4118943	4918956	hap2	0
Chr6	4167631	5620034	hap1	0
Chr6	4918966	5815756	hap2	1
Chr6	5827751	5831640	hap2	5
Chr6	5831781	6275886	hap2	1
Chr6	5620118	6279766	hap1	3
Chr6	6276688	6613584	hap2	0
Chr6	6280683	7056281	hap1	1
Chr6	6613663	7306930	hap2	1
Chr6	7092032	7307425	hap1	0
Chr6	7306942	8140635	hap2	0
Chr6	7307437	8350771	hap1	1
Chr6	8350845	8364175	hap1	5
Chr6	8141646	8728458	hap2	1
Chr6	8728600	8845151	hap2	0
Chr6	8846239	9281393	hap2	1
Chr6	8364273	9639747	hap1	1
Chr6	9639786	10137306	hap1	0
Chr6	9283206	10214608	hap2	0
Chr6	10269343	10703306	hap2	1
Chr6	10707579	10892608	hap2	0
Chr6	10137515	10896948	hap1	1
Chr6	10892630	10916952	hap2	1
Chr6	10897120	10927264	hap1	0
Chr6	10927304	11950222	hap1	1
Chr6	10917161	11953323	hap2	0
Chr6	11953037	14011899	hap1	0
Chr6	11968501	14011899	hap2	1
Chr6	14011932	14813029	hap1	1
Chr6	14813194	14835058	hap1	5
Chr6	14843480	14932673	hap1	1
Chr6	14934064	15120076	hap1	0
Chr6	15132168	15307995	hap1	1
Chr6	15308042	15348887	hap1	5
Chr6	15349785	16253523	hap1	1
Chr6	16253532	16263852	hap1	0
Chr6	14011932	17915816	hap2	0
Chr6	17916312	18651108	hap2	1
Chr6	16264100	18984409	hap1	1
Chr6	18985352	19046764	hap1	5
Chr6	18777981	19046882	hap2	0
Chr6	19063271	19834582	hap2	1
Chr6	19835202	20543325	hap2	0
Chr6	20557597	20641430	hap2	1
Chr6	20641537	23502961	hap2	0
Chr6	19046784	23547670	hap1	0
Chr6	23548281	24394968	hap1	1
Chr6	23503253	25110657	hap2	1
Chr6	24395396	25341457	hap1	2
Chr6	25341526	25683837	hap1	0
Chr6	25110807	26544947	hap2	0
Chr6	25683890	27823327	hap1	1
Chr6	27823706	27970260	hap1	5
Chr6	26544979	28116349	hap2	1
Chr6	28116587	28382603	hap2	0
Chr6	28383189	28440471	hap2	1
Chr6	28440598	28458180	hap2	5
Chr6	28458914	28509425	hap2	0
Chr6	28509588	28671121	hap2	1
Chr6	28000154	29217079	hap1	1
Chr6	28671365	29241098	hap2	0
Chr6	29330523	29539842	hap2	1
Chr6	29540155	29562882	hap2	0
Chr6	29217285	30394361	hap1	0
Chr6	29562960	30620453	hap2	1
Chr6	30394538	30917615	hap1	1
Chr6	30918058	30924964	hap1	5
Chr6	30926147	31237123	hap1	1
Chr6	30758299	31237123	hap2	0
Chr7	10802	920247	hap1	1
Chr7	10802	949800	hap2	0
Chr7	920258	1318003	hap1	0
Chr7	961241	2200694	hap2	1
Chr7	2200879	2944822	hap2	0
Chr7	1431383	2985216	hap1	1
Chr7	2945130	3240248	hap2	3
Chr7	3241037	5619089	hap2	1
Chr7	3105069	5620679	hap1	0
Chr7	5620810	5729377	hap1	1
Chr7	5729471	5744575	hap1	5
Chr7	5744645	5878890	hap1	1
Chr7	5619192	5878890	hap2	0
Chr7	5878907	5998605	hap1	0
Chr7	5878907	6183009	hap2	1
Chr7	6183259	6454874	hap2	5
Chr7	6002779	7313121	hap1	1
Chr7	6655179	7315760	hap2	0
Chr7	7313168	7535771	hap1	0
Chr7	7539421	7941305	hap1	1
Chr7	7315855	8684071	hap2	3
Chr7	7941350	8684638	hap1	0
Chr7	8687370	10014195	hap1	1
Chr7	10014236	10106589	hap1	5
Chr7	10106601	10576442	hap1	1
Chr7	8684157	10577379	hap2	0
Chr7	10577396	10715401	hap2	1
Chr7	10577344	10782424	hap1	0
Chr7	10787844	11458753	hap1	1
Chr7	10715897	11556175	hap2	0
Chr7	11470761	11571953	hap1	5
Chr7	11556321	12855675	hap2	1
Chr7	11571959	13081461	hap1	1
Chr7	12855685	13084378	hap2	0
Chr7	13084914	13448079	hap2	1
Chr7	13469260	13470711	hap2	0
Chr7	13470743	13666815	hap2	1
Chr7	13081665	13710892	hap1	0
Chr7	13710920	13780368	hap1	1
Chr7	13681264	14320091	hap2	0
Chr7	14442301	14956127	hap2	1
Chr7	13780437	14958514	hap1	0
Chr7	14958714	15038300	hap1	1
Chr7	15038543	15068022	hap1	5
Chr7	15068045	15225556	hap1	1
Chr7	15225624	15297129	hap1	0
Chr7	14956158	15908411	hap2	0
Chr7	15908527	16154354	hap2	1
Chr7	16157598	17537870	hap2	0
Chr7	17637036	18081926	hap2	1
Chr7	15297185	19447355	hap1	1
Chr7	18082087	19452462	hap2	0
Chr7	19447759	19744989	hap1	0
Chr7	19745098	20365761	hap1	1
Chr7	20365820	20875465	hap1	0
Chr7	19452668	20975904	hap2	1
Chr7	20875472	21050660	hap1	1
Chr7	21004195	21050856	hap2	0
Chr7	21050727	21874821	hap1	0
Chr7	21875193	22065622	hap1	1
Chr7	22065742	22079889	hap1	5
Chr7	22079895	22247656	hap1	0
Chr7	21050869	22346131	hap2	1
Chr7	22248331	24105869	hap1	1
Chr7	22346259	24146356	hap2	0
Chr7	24146434	24445207	hap2	1
Chr7	24445272	24472458	hap2	5
Chr7	24105884	24642116	hap1	0
Chr7	24473787	24642625	hap2	1
Chr7	24642452	25197263	hap1	1
Chr7	25197908	25200272	hap1	0
Chr7	25200302	26047698	hap1	1
Chr7	24642678	26053605	hap2	0
Chr7	26060913	27875608	hap2	1
Chr7	27875956	27892745	hap2	0
Chr7	26048393	29412744	hap1	0
Chr7	29412797	29672599	hap1	1
Chr7	27893584	29672599	hap2	1
Chr8	3410	334024	hap2	0
Chr8	3410	548667	hap1	1
Chr8	548959	639452	hap1	0
Chr8	334074	1010193	hap2	1
Chr8	1010353	1043962	hap2	5
Chr8	1044162	1465519	hap2	1
Chr8	646988	2195391	hap1	1
Chr8	1468601	2195391	hap2	0
Chr8	2196930	2818241	hap1	0
Chr8	2196930	3080960	hap2	1
Chr8	3081305	4647137	hap2	0
Chr8	4647242	5139065	hap2	1
Chr8	2879276	5986867	hap1	1
Chr8	5987084	6006798	hap1	0
Chr8	6007305	6139549	hap1	1
Chr8	5139069	6140426	hap2	0
Chr8	6140459	6320142	hap2	1
Chr8	6139570	6394216	hap1	0
Chr8	6394584	6587005	hap1	1
Chr8	6348651	6656948	hap2	0
Chr8	6664205	6664268	hap2	1
Chr8	6664285	6664522	hap2	0
Chr8	6656877	6664719	hap1	0
Chr8	6692808	6929173	hap1	1
Chr8	7133557	7241487	hap1	0
Chr8	6664540	7281278	hap2	1
Chr8	7275240	7341130	hap1	1
Chr8	7297259	7486141	hap2	0
Chr8	7341605	7625064	hap1	0
Chr8	7486176	8331397	hap2	1
Chr8	8331484	8443288	hap2	0
Chr8	7634439	9489030	hap1	1
Chr8	9489062	9491892	hap1	0
Chr8	8443332	9691624	hap2	1
Chr8	9498332	12140967	hap1	1
Chr8	12140968	12143427	hap1	0
Chr8	9691659	13156310	hap2	0
Chr8	12143713	13785418	hap1	1
Chr8	13808587	14699909	hap1	0
Chr8	13352927	15020473	hap2	1
Chr8	14700029	15196518	hap1	1
Chr8	15020495	15196544	hap2	0
Chr8	15196761	15727875	hap2	1
Chr8	15196521	15736398	hap1	0
Chr8	15727906	15939435	hap2	0
Chr8	15736452	16782973	hap1	1
Chr8	15939436	17236332	hap2	1
Chr8	16836895	17244395	hap1	0
Chr8	17236440	17327613	hap2	0
Chr8	17327701	17445422	hap2	1
Chr8	17244422	18226702	hap1	1
Chr8	18237519	18416697	hap1	0
Chr8	18416735	19199033	hap1	1
Chr8	17445444	19200769	hap2	0
Chr8	19200809	19356892	hap2	1
Chr8	19199286	19357551	hap1	0
Chr8	19357297	20132344	hap2	0
Chr8	19357594	20263103	hap1	1
Chr8	20268627	20283036	hap1	5
Chr8	20283601	20362716	hap1	1
Chr8	20362757	21081581	hap1	0
Chr8	20132390	21272452	hap2	1
Chr8	21276848	21657421	hap2	0
Chr8	21657817	21754306	hap2	1
Chr8	21754563	21792897	hap2	5
Chr8	21081586	22032441	hap1	1
Chr8	21793079	22081897	hap2	1
Chr8	22082096	22101226	hap2	5
Chr8	22101279	22286666	hap2	1
Chr8	22289417	22508169	hap2	5
Chr8	22511611	22923045	hap2	1
Chr8	22032800	22924235	hap1	0
Chr8	22923074	23086233	hap2	0
Chr8	23087478	24059383	hap2	1
Chr8	24059429	24149677	hap2	5
Chr8	24150278	24671030	hap2	1
Chr8	24672274	24714462	hap2	5
Chr8	24715727	24987271	hap2	1
Chr8	22924390	24990402	hap1	1
Chr8	24990513	25351007	hap1	0
Chr8	24987516	25399481	hap2	0
Chr8	25351076	25668362	hap1	1
Chr8	25674124	26122441	hap1	0
Chr8	25401019	26596912	hap2	1
Chr8	26596950	26741027	hap2	0
Chr8	26741308	26867617	hap2	1
Chr8	26867663	27163194	hap2	0
Chr8	26123057	27169800	hap1	1
Chr8	27163254	27267560	hap2	1
Chr8	27169846	27396627	hap1	0
Chr8	27396967	27501506	hap1	1
Chr8	27267788	27892817	hap2	0
Chr8	27893174	28163805	hap2	1
Chr8	27501828	28441981	hap1	0
Chr8	28163809	28441981	hap2	0
Chr9	37868	1179486	hap1	0
Chr9	1179545	1835178	hap1	1
Chr9	37868	1859371	hap2	1
Chr9	1835214	2127316	hap1	5
Chr9	2130705	2323625	hap1	1
Chr9	2335308	2389869	hap1	5
Chr9	2390092	3278011	hap1	1
Chr9	1861226	3278011	hap2	0
Chr9	3307673	3466647	hap2	1
Chr9	3307673	3612296	hap1	0
Chr9	3612344	4330550	hap1	1
Chr9	3467254	4330918	hap2	0
Chr9	4330992	6331663	hap2	1
Chr9	4330615	6339565	hap1	0
Chr9	6339604	6547178	hap1	1
Chr9	6331766	6555584	hap2	0
Chr9	6547465	7136700	hap1	0
Chr9	7138092	7488688	hap1	1
Chr9	7488699	7508950	hap1	0
Chr9	6562806	7648099	hap2	1
Chr9	7510146	7750371	hap1	1
Chr9	7750388	7815357	hap1	0
Chr9	7818630	8875967	hap1	1
Chr9	7735286	8888520	hap2	0
Chr9	8888563	10170064	hap2	1
Chr9	10170252	10273515	hap2	0
Chr9	10281401	10482205	hap2	1
Chr9	8879311	10482662	hap1	0
Chr9	10482699	10887708	hap1	1
Chr9	10887737	10981672	hap1	0
Chr9	10482408	11203482	hap2	0
Chr9	11019885	11735258	hap1	1
Chr9	11221183	12136142	hap2	1
Chr9	12136556	13786075	hap2	0
Chr9	11735521	14255817	hap1	0
Chr9	13786085	14459651	hap2	1
Chr9	14346473	14863734	hap1	1
Chr9	14863747	14863801	hap1	0
Chr9	14864045	14931190	hap1	1
Chr9	14459682	14931826	hap2	0
Chr9	14932252	16120023	hap2	1
Chr9	14931322	16121373	hap1	0
Chr9	16121717	17315276	hap1	1
Chr9	16120086	17315887	hap2	0
Chr9	17316105	18190584	hap2	1
Chr9	17315376	18192447	hap1	0
Chr9	18195003	18649257	hap1	1
Chr9	18190629	18649678	hap2	0
Chr9	18649404	19144439	hap1	0
Chr9	18649722	20579631	hap2	1
Chr9	19144447	20692184	hap1	1
Chr9	20692304	20740741	hap1	5
Chr9	20741114	20901718	hap1	1
Chr9	20579674	20902518	hap2	0
Chr9	20901737	21422710	hap1	0
Chr9	20903250	21620458	hap2	1
Chr9	21445127	22939506	hap1	1
Chr9	21620646	22939506	hap2	0
Chr10	45338	1543632	hap1	1
Chr10	1545762	1675696	hap1	0
Chr10	1677374	2340759	hap1	1
Chr10	45338	2373282	hap2	0
Chr10	2342097	3057707	hap1	0
Chr10	2373388	3057707	hap2	1
Chr10	3057764	3695487	hap1	1
Chr10	3057764	3795101	hap2	0
Chr10	3696033	4639731	hap1	0
Chr10	3795183	4640318	hap2	1
Chr10	4639770	6703102	hap1	1
Chr10	6708370	6841948	hap1	0
Chr10	6841962	7240747	hap1	1
Chr10	4640795	7241910	hap2	0
Chr10	7242127	7542735	hap2	1
Chr10	7240752	7544380	hap1	0
Chr10	7544685	7955785	hap1	1
Chr10	7542945	7965850	hap2	0
Chr10	7965926	8351673	hap2	1
Chr10	7955838	8465441	hap1	0
Chr10	8465491	8831419	hap1	1
Chr10	8367399	8833372	hap2	0
Chr10	8831703	9277064	hap1	0
Chr10	8833425	9277122	hap2	1
Chr10	9277067	10211114	hap1	1
Chr10	10214058	10222757	hap1	0
Chr10	10223134	10705955	hap1	1
Chr10	9277335	10707867	hap2	0
Chr10	10708702	11106534	hap2	1
Chr10	11109208	11173121	hap2	0
Chr10	11173172	11272375	hap2	1
Chr10	10707600	11273958	hap1	0
Chr10	11274256	12122278	hap1	1
Chr10	11272382	12125456	hap2	0
Chr10	12125480	13530206	hap2	1
Chr10	12125395	13531904	hap1	0
Chr10	13531708	13678887	hap2	0
Chr10	13532048	13750279	hap1	1
Chr10	13689346	14014906	hap2	1
Chr10	13750397	14039266	hap1	0
Chr10	14039289	14604810	hap1	1
Chr10	14604863	14647718	hap1	0
Chr10	14016233	15019741	hap2	0
Chr10	14647843	15442403	hap1	1
Chr10	15020507	15468987	hap2	1
Chr10	15469445	15544814	hap2	5
Chr10	15442605	17729196	hap1	0
Chr10	15544848	17959818	hap2	1
Chr10	17729843	19607805	hap1	1
Chr10	17961341	19608152	hap2	0
Chr10	19609011	19769590	hap2	3
Chr10	19769873	20114940	hap2	1
Chr10	19608104	20116014	hap1	0
Chr10	20116043	20964031	hap1	1
Chr10	20115049	20964897	hap2	0
Chr10	20965471	21826570	hap2	1
Chr10	21826692	21836155	hap2	5
Chr10	21837714	22253503	hap2	1
Chr10	22253514	22444662	hap2	0
Chr10	22449344	22608691	hap2	1
Chr10	20964073	22679757	hap1	0
Chr10	22679798	23199063	hap1	1
Chr10	22624590	23199063	hap2	0
Chr11	1242	268346	hap2	1
Chr11	268689	392867	hap2	0
Chr11	1242	503985	hap1	1
Chr11	506736	525461	hap1	5
Chr11	525623	1317257	hap1	0
Chr11	392968	1775483	hap2	1
Chr11	1781362	2113967	hap2	5
Chr11	2114246	2293021	hap2	1
Chr11	2293542	2389000	hap2	0
Chr11	2389151	2603847	hap2	1
Chr11	1318951	2767833	hap1	1
Chr11	2778553	2860399	hap1	0
Chr11	2604150	3566276	hap2	0
Chr11	2862274	3631996	hap1	1
Chr11	3566286	3676290	hap2	1
Chr11	3676351	3704943	hap2	0
Chr11	3705041	4161499	hap2	1
Chr11	3633189	4161600	hap1	0
Chr11	4161630	4417377	hap1	1
Chr11	4417629	4477064	hap1	0
Chr11	4483848	5442660	hap1	1
Chr11	4161579	5446820	hap2	0
Chr11	5442781	8719648	hap1	0
Chr11	5446936	9059800	hap2	1
Chr11	8721903	9712282	hap1	1
Chr11	9060075	9760639	hap2	0
Chr11	9760769	10914137	hap2	1
Chr11	10914266	11523423	hap2	3
Chr11	11534303	13228509	hap2	1
Chr11	13230205	13277452	hap2	0
Chr11	13277477	14306941	hap2	1
Chr11	14307137	14375617	hap2	5
Chr11	14375856	15335453	hap2	1
Chr11	9712446	15336262	hap1	0
Chr11	15336357	15435148	hap1	1
Chr11	15435209	15753929	hap1	3
Chr11	15753968	16094959	hap1	1
Chr11	15335531	16096627	hap2	0
Chr11	16096708	17425086	hap2	1
Chr11	16095125	17428648	hap1	0
Chr11	17428667	17799702	hap1	1
Chr11	17803165	17870397	hap1	0
Chr11	17870440	18395977	hap1	1
Chr11	18395994	18437222	hap1	0
Chr11	18437398	19216318	hap1	1
Chr11	19217886	19963806	hap1	2
Chr11	17425152	19963806	hap2	0
Chr11	19963937	20537832	hap2	1
Chr11	19963937	20607510	hap1	0
Chr11	20607563	20987349	hap1	1
Chr11	20538127	21046803	hap2	0
Chr11	21046857	21726739	hap2	1
Chr11	21726880	21759064	hap2	0
Chr11	20987461	22556497	hap1	0
Chr11	22556551	22561856	hap1	1
Chr11	22561896	23932166	hap1	0
Chr11	21784060	24418732	hap2	1
Chr11	24418748	24972708	hap2	0
Chr11	24972919	24989029	hap2	5
Chr11	23934277	25037992	hap1	1
Chr11	24989037	25826500	hap2	1
Chr11	25038020	25833639	hap1	0
Chr11	25833790	27244166	hap1	1
Chr11	25828216	27260693	hap2	0
Chr11	27340441	28129900	hap2	1
Chr11	27251798	28169107	hap1	0
Chr11	28436867	28479653	hap1	5
Chr11	28129959	28486504	hap2	0
Chr11	28626018	28785922	hap2	1
Chr11	28785951	28828354	hap2	0
Chr11	28479712	29009386	hap1	1
Chr11	28828426	29009386	hap2	1
Chr12	74839	166703	hap2	1
Chr12	205461	1943643	hap2	0
Chr12	74839	1955213	hap1	0
Chr12	1961930	2184330	hap1	3
Chr12	1946959	2416188	hap2	1
Chr12	2184445	2482498	hap1	0
Chr12	2482668	2859220	hap1	1
Chr12	2416303	3510297	hap2	0
Chr12	3510558	4425913	hap2	1
Chr12	2859777	4430739	hap1	0
Chr12	4430590	5105048	hap2	0
Chr12	4433029	5394791	hap1	1
Chr12	5105109	7338644	hap2	1
Chr12	5407626	7365627	hap1	0
Chr12	7365690	7419579	hap1	5
Chr12	7419883	7676488	hap1	1
Chr12	7676496	7676688	hap1	0
Chr12	7340423	7921700	hap2	0
Chr12	7676700	8557428	hap1	1
Chr12	7921786	9064912	hap2	1
Chr12	8688605	9396326	hap1	0
Chr12	9396381	9537170	hap1	1
Chr12	9537709	9924514	hap1	0
Chr12	9924587	10127326	hap1	1
Chr12	10134583	10194029	hap1	0
Chr12	10197695	10306799	hap1	1
Chr12	10309866	10339233	hap1	0
Chr12	10339265	10450152	hap1	1
Chr12	10450176	10480553	hap1	0
Chr12	10480575	10529186	hap1	1
Chr12	9064920	10545791	hap2	0
Chr12	10557637	11202775	hap2	1
Chr12	11203130	11344584	hap2	0
Chr12	11344613	11763432	hap2	1
Chr12	11763448	11772265	hap2	0
Chr12	11772631	12571396	hap2	1
Chr12	12572741	12851317	hap2	0
Chr12	12851342	12984091	hap2	1
Chr12	10529340	13117276	hap1	0
Chr12	13117370	13250926	hap1	1
Chr12	13262969	13272972	hap1	5
Chr12	12984134	13303043	hap2	0
Chr12	13344449	13706391	hap2	1
Chr12	13296350	14066633	hap1	1
Chr12	13739380	14174422	hap2	0
Chr12	14066770	14450625	hap1	0
Chr12	14174503	14495431	hap2	1
Chr12	14451175	14577573	hap1	1
Chr12	14495727	14586460	hap2	0
Chr12	14593907	16595878	hap2	1
Chr12	14583585	16712654	hap1	0
Chr12	16597876	16712654	hap2	0
Chr12	16964603	17349064	hap2	1
Chr12	16964603	17712172	hap1	1
Chr12	17779545	17792595	hap1	0
Chr12	17353529	19262826	hap2	0
Chr12	17895792	19469218	hap1	1
Chr12	19287422	20012079	hap2	1
Chr12	19469555	20032108	hap1	0
Chr12	20012261	20108134	hap2	5
Chr12	20124898	20405278	hap2	0
Chr12	20465295	20628774	hap2	1
Chr12	20032118	20824222	hap1	5
Chr12	20644305	20849134	hap2	5
Chr12	20849285	21212271	hap2	0
Chr12	21212283	21433226	hap2	5
Chr12	20825685	21606588	hap1	1
Chr12	21607045	22399088	hap1	0
Chr12	22421358	22577062	hap1	5
Chr12	22577318	22648461	hap1	0
Chr12	22648561	23307609	hap1	5
Chr12	23307710	24534143	hap1	1
Chr12	21439909	24650048	hap2	1
Chr12	24553026	24652715	hap1	0
Chr12	24650116	24787204	hap2	0
Chr12	24656284	24855456	hap1	1
Chr12	24787701	25530164	hap2	1
Chr12	25530363	25556720	hap2	5
Chr12	25556821	25686127	hap2	1
Chr12	25686784	25725796	hap2	5
Chr12	25726278	27441865	hap2	1
Chr12	24855950	27442665	hap1	0
Chr12	27442694	27530227	hap1	1
Chr12	27441916	27530227	hap2	0
